store.name,product_number
Flipstorm,5100140102378546
Shuffledrive,5100172538567152
Wikizz,5100176059539193
Rhycero,5100178236803880
Demimbu,5100143342926116
Leexo,5100175854119409
Yodo,5100177720106768
Skyndu,5100176843773819
city Gross Växjö,5100174290682393
Fadeo,5100132678004333
Dynabox,5100131306731994
Kwimbee,5100143509026924
Coop Växjö Emil Lindells Väg,5100148070294587
Ica Nära Norviken,5100174100138222
Eidel,5100135736184724
Pixope,5100170292589040
Wordtune,5100145287738802
Skajo,5100137483647388
Jetpulse,5100175497684454
Rhycero,5100134820916307
Willy:s Teleborg,5100173919196082
Tagtune,5100130003850628
Teklist,5100140713963710
Photobug,5100141444482194
Divanoodle,5100172737751284
Quaxo,5100133759460212
Lidle Teleborg,5100139171504008
Tagtune,5100134495803228
Gabcube,5100140553753288
Linkbridge,5100131591657011
Ica Kvantum Teleborg,5100147108134542
Dazzlesphere,5100133454026508
Eire,5100149528096608
Trunyx,5100136474971488
Browsetype,5100179457607877
Rhynyx,5100143716855230
Wordware,5100149547934623
Shuffledrive,5100136035476142
ICA Maxi Supermarket Sommarkand,5100136435344635
Zazio,5100141101316677
Brainsphere,5100134458786071
Brainsphere,5100144154178960
Zazio,5100140102378546
ICA Maxi Supermarket Sommarkand,5100172538567152
Shuffledrive,5100176059539193
Wordware,5100178236803880
Rhynyx,5100143342926116
Browsetype,5100175854119409
Trunyx,5100177720106768
Eire,5100176843773819
Dazzlesphere,5100174290682393
Ica Kvantum Teleborg,5100132678004333
Linkbridge,5100131306731994
Gabcube,5100143509026924
Tagtune,5100148070294587
Lidle Teleborg,5100174100138222
Quaxo,5100135736184724
Divanoodle,5100170292589040
Photobug,5100145287738802
Teklist,5100137483647388
Tagtune,5100175497684454
Willy:s Teleborg,5100134820916307
Rhycero,5100173919196082
Jetpulse,5100130003850628
Skajo,5100140713963710
Wordtune,5100141444482194
Pixope,5100172737751284
Eidel,5100133759460212
Ica Nära Norviken,5100139171504008
Coop Växjö Emil Lindells Väg,5100134495803228
Kwimbee,5100140553753288
Dynabox,5100131591657011
Fadeo,5100147108134542
city Gross Växjö,5100133454026508
Skyndu,5100149528096608
Yodo,5100136474971488
Leexo,5100179457607877
Demimbu,5100143716855230
Rhycero,5100149547934623
Wikizz,5100136035476142
Shuffledrive,5100136435344635
Flipstorm,5100141101316677
